﻿pos_x,pos_y,rotation,side,designator,mpn,pack,footprint,value,mount_type
94.46,-98.5,0.0,top,D1,,,LED_D3.0mm_FlatTop,LED,tht
120.91545,-87.52125,-90.0,bottom,J1,1-0201FBV0T,,Pins_1x02_2.54mm_TH,Conn_01x02,tht
130.98,-99.39,180.0,bottom,J2,LL1007-1 (2*8 HITEMP),,Pins_2x08_2.54mm_TH_EuroPower_Shrouded,Eurorack_Power_16pin_Shrouded,tht
142.311413,-94.023093,0.0,top,POT1, RV09BCF-40-25F-B10K-007 ,,Pot_9mm_DShaft,9mm_NoDet_10k_DShaft,tht
155.731413,-94.033493,0.0,top,POT2, RV09BCF-40-25F-B10K-007 ,,Pot_9mm_DShaft,9mm_NoDet_10k_DShaft,tht
169.231413,-94.033493,0.0,top,POT3, RV09BCF-40-25F-B10K-007 ,,Pot_9mm_DShaft,9mm_NoDet_10k_DShaft,tht
182.771413,-94.023093,0.0,top,POT4, RV09BCF-40-25F-B10K-007 ,,Pot_9mm_DShaft,9mm_NoDet_10k_DShaft,tht
121.0,-94.75,-90.0,top,R1,,,R_Box_L13.0mm_W4.0mm_P9.00mm,220Ω,tht
107.79545,-97.42125,0.0,top,U2,,Package,MODULE_ESP32-C3_SUPERMINI_TH,ESP32-C3_SUPERMINI_TH,tht
182.27125,-109.02125,180.0,top,VR1,PTL30-19G1-103B2,,PTL3019G1103B2,PTL30-19G1-103B2,tht
