﻿Designator,Quantity,Value,Footprint,Package,MPN,DNP,Mount_Type,Description,Sim.Pins,Specifications,Manufacturer,Display,MF,Description_1,CREATOR,Price,Check_prices,STANDARD,SnapEDA_Link,MP,Availability,MANUFACTURER,Height,Mouser Part Number,Mouser Price/Stock,Manufacturer_Name
D1,1,LED,LED_D3.0mm_FlatTop,,,,tht,Light emitting diode,1=K 2=A,,,,,,,,,,,,,,,,,
J1,1,Conn_01x02,Pins_1x02_2.54mm_TH,,1-0201FBV0T,,tht,HEADER 1x2 MALE PINS 0.100” 180deg,,"Pins_01x02, Header, Male Pins, 1*2, spacing 2.54mm, straight pin",TAD,,,,,,,,,,,,,,,
J2,1,Eurorack_Power_16pin_Shrouded,Pins_2x08_2.54mm_TH_EuroPower_Shrouded,,LL1007-1 (2*8 HITEMP),,tht,"Header, Male Pins, 2*8, spacing 2.54mm, straight pin, shrouded and keyed",,"Header, Male Pins, 2*8, spacing 2.54mm, straight pin, shrouded and keyed",Cixi LanLing,,,,,,,,,,,,,,,
"POT1, POT2, POT3, POT4",4,9mm_NoDet_10k_DShaft,Pot_9mm_DShaft,, RV09BCF-40-25F-B10K-007 ,,tht,"10k Linear, 9mm pot, No Detent, D-Shaft",,"10k Linear, 9mm pot, No Detent, D-Shaft", Alpha Taiwan ,10k,,,,,,,,,,,,,,
R1,1,220Ω,R_Box_L13.0mm_W4.0mm_P9.00mm,,,,tht,Resistor,,,,,,,,,,,,,,,,,,
SW1,1,Toggle_SPDT_SubMini_2pos,TestPoint_2Pads_Pitch2.54mm_Drill0.8mm,,200-MSP3-T2B3M2QE,,tht,"SPDT, 3-position, sub-mini toggle, PC-pin, vertical, on(off)on",,"SPDT, 3-position, sub-mini toggle, PC-pin, vertical, on(off)on",Taiway Switches,,,,,,,,,,,,,,,
U2,1,ESP32-C3_SUPERMINI_TH,MODULE_ESP32-C3_SUPERMINI_TH,Package,,,tht,,,,,,Espressif Systems,Super tiny ESP32-C3 board,DIZAR,None,https://www.snapeda.com/parts/ESP32-C3%20SuperMini_TH/Espressif+Systems/view-part/?ref=eda,IPC-7351B,https://www.snapeda.com/parts/ESP32-C3%20SuperMini_TH/Espressif+Systems/view-part/?ref=snap,ESP32-C3 SuperMini_TH,Not in stock,Espressif Systems,,,,
VR1,1,PTL30-19G1-103B2,PTL3019G1103B2,,PTL30-19G1-103B2,,tht,Slide Potentiometers 10Kohms Travel=30mm Center Detent,,,,,,,,,,,,,,,37.5,652-PTL30-19G1-103B2,https://www.mouser.co.uk/ProductDetail/Bourns/PTL30-19G1-103B2?qs=MufAK3yimRNyCxkP0tpbaw%3D%3D,Bourns
